公司名称,职位,薪资,城市,工作地址,经验要求,学历要求,职位描述
CloudChef,python实习,4k-6k,上海,长阳路2555号,经验应届毕业生,本科及以上,职位描述：岗位职责1.云管理平台Web后端任务编排系统开发2.监控平台的设计与开发3.数据分析平台的设计与开发4.修复产品缺陷5.产品性能优化任职要求1.熟练掌握Pytho，C，C++，Java，Golag中至少一门语言2.熟练使用Liux系统3.有良好的编码习惯4.数据结构和算法基础扎实5.熟悉MySQL等至少一种关系型数据库的原理和操作6.有较强的学习能力、团队合作能力、沟通能力
字节跳动,python开发实习生,7k-8k,上海,五角场黄兴路2218号合生汇17楼,经验应届毕业生,本科及以上,职位描述：职位职责：1、负责网页信息和APP数据抽取、清洗、消重、数据结构化等工作；2、维护现有的数据处理代码并优化。职位要求：1、本科及以上学历，每周能实习4天或以上，连续实习3个月以上；2、优秀的编码能力，有良好的设计模式、数据结构和算法功底；3、掌握golag/java/c++/php/pytho中的一种，对编程有强烈的热情；4、有求知欲，认真负责，乐于协作。
拍拍贷,Python实习生,3k-5k,上海,上海市浦东新区丹桂路999号G1栋,经验应届毕业生,本科及以上,职位描述：【岗位职责】1）结合业务需求持续优化线上系统，并进行规划以及负责系统需求分析、架构设计、模块开发；2）参与设计和实现数据业务监控系统、风控系统、数据管理系统、智能应用系统等；3）设计并开发实现适用于公司环境的标准化自动化工具，持续提升工作效率；4）对互联网行业技术敏感度高且细致，善于思考，乐于发现，对解决具有挑战性问题充满激情。【任职要求】1）有比较丰富的Liux系统使用经验，熟悉PythoWeb2）熟悉以下技术栈优先：html/css/js、Golag、Docker、分布式计算框架3）对主流数据库，如MySQL、PostgresSql、MogoDB等，有使用和相关开发经验；4）了解和掌握一些通用技术的原理，比如tcp/http/smp等协议规范等等；了解数据挖掘、统计模型等5）具备顺畅的沟通能力和主动的学习意识
数旦信息,Python开发实习生,5k-6k,上海,钦州路100号,经验应届毕业生,本科及以上,职位描述：岗位职责】1、负责后端功能的开发、性能优化和单元测试2、负责后端相关文档编写3、参与后端的需求和设计讨论【任职要求】1、全日制本科及以上学历，计算机或相关专业2、熟悉Pytho，编程功底扎实3、熟悉Liux开发环境，熟悉Redis及Mysql等数据库4、具备极强的开发能力、学习能力和抗压能力5、国家级技术类竞赛（如数学建模、ACM）一等奖获奖者优先6、可连续实习半年以上
名片全能王,python开发实习生,4k-6k,上海,万荣路1256、1258号云立方A座11、12层,经验应届毕业生,本科及以上,"职位描述：工作职责:1.参与新闻舆情系统开发；2.参与新闻数据加工，流转，数据产品开发；3.数据相关的后端服务开发;4.参与新技术调研和基础模块开发任职资格:1.计算机相关专业，有扎实的计算机理论基础；2.熟悉Pytho,Java,C/C++,Go等任意开发语言，有良好的编程风格和习惯；3.熟悉网络协议，熟悉liux，mysql，redis等；4.有socket编程经验，熟悉网络开发模式，开源web服务器；5.有较好的交流沟通能力，较强的责任感；"
盒境,Python课研助理,2k-3k,上海,七莘路1839号108财富广场,经验应届毕业生,本科及以上,职位描述：一、岗位职责1、协助课研经理开发Pytho课程；2、Pytho课程包制作，包含素材的寻找、案例的制作、课件的制作；3、在线课程平台的对接和平台所需内容的上传和修改；4、开发过程中培训老师所需要的内容制作；二、任职要求1、大学本科或者硕博在读的计算机科学以及和计算机相关的学生；
哈啰出行,【暑期实习生】数据仓库开发...,4k-6k,上海,秀文路898号西子国际中心,经验应届毕业生,本科及以上,"职位描述：工作职责:1、负责公司离线数据仓库的搭建和维护，包括数据仓库的数据模型设计，包括ODS层设计、DW层设计、数据集市的设计；2、数据处理的调度、数据预处理、数据质量监控系统的设计和开发，参与ETL开发和维护；3、业务数据支持，为日常运营活动提供数据支持；4、参与数据基础架构规划和数据规范制定，保证公司业务报表的输出；5、优化数据存储和计算平台，确保数据平台的可靠运行;6、负责公司准实时、实时数据数据应用开发任职资格:1、2020届，计算机及相关专业本科以上学历；优秀者可转正2、熟悉Liux常用操作，能使用Pytho、Shell等编写脚本语言3.熟悉Hivesql语句编写及其性能调优,熟悉数据仓库建模方法论4.熟悉Hadoop、Spark、Kafka、Flik、hbase、Elasticsearch等的设计原理，熟悉其中一种或几种开源工具的源码更佳；5、熟练掌握Java、Pytho、Scala等任意一种主流开发语言；6、具有良好的分析问题和解决问题的能力，对解决具有挑战性的问题充满激情"
英语流利说,技术实习生（后端）（暑期-有...,4k-6k,上海,长阳路1687号,经验应届毕业生,本科及以上,职位描述：职位描述：1.直接参与公司核心业务后端功能的架构设计与优化、应用开发与测试;2.解决服务、产品建设中遇到的问题，与团队一起攻克难题，不断提升系统性能。任职要求：1.计算机基础知识扎实，包括不限定于操作系统、计算机网络、数据结构和算法；2.熟练掌握至少一门语言，Ruby、Pytho、Golag、C/C++、Java等优先；3.有写测试的习惯，熟悉单元测试和集成测试；4.熟悉如何开发RESTfulAPI，对客户端的开发有一定了解者优先；5.熟悉关系型数据库，如MySQL等，熟悉NoSQL，如Redis等；6.熟练使用Git；7.19年6-9月期间，保证至少2个月的实习时长，每周5天。
酷家乐,测试开发实习生（上海）,4k-6k,上海,峨山路91弄陆家嘴软件园9号楼北塔8楼,经验应届毕业生,本科及以上,职位描述：岗位描述：我们希望你能通过需求分析，设计评审，制定测试计划，设计测试用例，搭建测试环境，执行各级别和类型的测试，缺陷跟踪，来参与到酷家乐产品测试的全流程;我们希望你能站在研发过程的全局，借助最前沿的研发技术和理念，通过测试流程、方法和工具创新，努力提升研发的质量和效率;我们希望你能够站在用户的角度，不断完善产品的用户体验，影响到我们酷家乐的用户和设计师，让他们受益。岗位要求：1.2020届毕业生，熟悉C/C++/Java等至少一种编程语言，有Shell或Ruby/PHP/Perl/Pytho等使用经验者优先;2.熟悉Liux或Uix操作系统;3.熟悉软件的开发测试流程，掌握常用测试用例设计方法，具备设计和开发测试工具和自动化测试框架能力;4.有广泛的技术视野，具备很强的学习能力、分析能力和解决问题的能力;5.喜欢钻研技术，工作积极主动，不断追求产品的完善;6.具备奉献精神，善于沟通，善于团队合作.
百融云创,数据分析实习生,10k-20k,上海,商城路506号新梅联合广场写字楼二期35层,经验应届毕业生,本科及以上,职位描述：岗位职责：1.负责协助企业风控项目的需求调研、数据分析、商业分析以及数据挖掘建模等工作；2.根据公司的实际业务要求，完成较深入的专项数据分析并形成分析报告；3.协助完成模型的构建、维护、部署和评估工作我们希望您：1.数学、统计、计算机等相关专业背景2.熟悉Pytho/Java等主流编程语言3.有相关建模经验、熟知机器学习领域算法更佳
携程,数据分析实习生,3k-4k,上海,金钟路968号SOHO大楼,经验不限,硕士及以上,职位描述：岗位职责：协助数据组完成数据处理、分析、建模、算法等工作。任职要求：（1）985、211硕士及以上学历，应用数学、统计学、计算机等相关专业在校学生（研一、研二为佳）；（2）至少熟悉一种数据库查询工具，如mysql、hive、sqlserver等，熟悉shell语句加分；（3）接触过各类数据分析方法，如（回归、聚类、分类、时序等），熟悉算法并了解其具体理论者加分（SVM、随机森林、kmeas等）；（4）至少熟悉一种数据分析、挖掘语言（R语言、pytho、SAS等），熟练掌握office办公软件；（5）保证一周4天及以上工作时间。
虎扑,技术培训生,5k-10k,上海,中山北一路121号花园坊A2座3楼,经验应届毕业生,本科及以上,职位描述：职位描述：工作职责1）作为技术储备力量，参与以下一个或多个岗位的执行工作：l移动端开发或测试lWeb前端开发或测试l后端服务开发或测试2）与项目经理、产品经理、研发人员、运营人员各角色沟通合作，共同完成虎扑旗下各产品的研发和维护工作3）定期整理、汇报工作中的成果与问题，编写成相关文档，并能在团队内分享岗位要求：1）本科及以上学历，计算机基础扎实，熟悉操作系统原理，欢迎优秀应届生投递2）编程基础扎实，至少熟练掌握C/C++、JAVA、C#、PHP、Golag、Pytho、JavaScript、Ruby开发语言中的一种3）熟悉常用算法和数据结构4）网络基础扎实，熟悉TCP/IP协议、以及其他主流的网络协议5）熟悉主流的关系数据库、NoSQL的设计建模和常用操作6）较强的学习新知识的能力，良好的沟通能力，能用例如PPT、Excel等工具展示自己的想法和成果7）希望你拥有非常正的三观，聪明的大脑去理解新事物，有高度的执行力去接受全新的挑战。以下为加分项：1）拥有实际的移动端（IOS、Adroid）开发经验2）拥有实际的服务端（运行环境必须是Liux）开发经验、熟悉Liux的基本操作3）拥有实际的Web前端开发经验4）对大数据处理有浓厚的兴趣和一定的知识储备5）对AI相关技术（NLP、机器学习等）有浓厚的兴趣和一定的知识储备6）对搜索引擎实现有浓厚的兴趣和一定的知识储备7）熟悉函数式编程，对Haskell/Erlag/Lisp及其相关的技术栈有应用经验
大雁资产,交易运维工程师（实习）,6k-9k,上海,平安财富大厦,经验应届毕业生,本科及以上,"职位描述：岗位职责：交易服务器管理及性能优化交易系统运行维护及异常处理数据系统管理及运维职位要求985、211等国内外名校理工科本硕在读，对Liux系统性能优化有偏执狂级别的热爱熟悉Pytho,bash等脚本语言，能在Liux环境下熟练的使用脚本语言进行日常维护熟悉数据库管理及存储优化技术者优先薪资福利：公司已完成应届毕业生用人单位信息登记，欢迎应届毕业生加入！有竞争力的薪酬、多样化的福利制度，让员工无后顾之忧；实力超群的技术、投研团队为交易岗位提供策略与技术支持，为员工提供更坚实的平台；广阔的上升空间，鼓励员工挖掘潜力，发挥才智，获得丰厚回报；热情温暖的团队，人性化的管理，最大程度地包容员工的个性；高档的工作午餐、丰富的茶歇点心、舒适的办公空间，为员工提供更优质的工作环境。"
树融科技,Node.js 研发（实习）,2k-4k,上海,政立路477号创智科技中心2号楼1301室,经验应届毕业生,本科及以上,职位描述：职位描述：1、负责Node.js功能模块编写；2、负责服务器后端相关项目的需求分析、详细设计以及开发工作；3、负责不断完善和优化服务器后端相关应用；4、根据项目任务计划按时完成软件编码和单元测试工作。任职要求：1、本科及以上学历或2019-2020届毕业生，有服务器开发相关经验；2、熟练掌握Node.js语言，熟悉异步事件机制，有相关项目经验优先，或有Pytho/Go/Java/C++的相关开发经验；3、扎实的编程基础，对数据结构、设计模式、算法有较好的理解；4、了解MogoDB或其他NoSQL数据库，有相关使用经验；5、了解TCP、HTTP等网络通信协议；6、了解Git工作流，有实践经验优先。
掌数科技,数据库开发工程师（实习生）,6k-12k,上海,张江高科蔡伦路1690号2号楼,经验应届毕业生,本科及以上,"职位描述：职位说明：1、通过详细的业务设计方案，编写相应的存储过程及函数。2、Greeplum、HadoopHive等的搭建、管理和性能优化。3、使用主流ETL工具（如iformatic、datastage、kettle）实现企业数据整合。岗位要求：1、计算机相关专业，本科及以上学历。2、了解pl/sql或者pl/pgsql存储过程开发，能够熟练的查看sql执行计划，有一定SQL优化经验。3、熟悉liux操作，熟悉shell编程，有java,pytho开发经验者优先。4、积极乐观、诚信、有责任心。【我们的福利】1.有竞争力的薪资+人性化管理，实行5天8小时工作制，弹性多多；提供新人导师、专业培训，整洁舒适的工作环境，氛围ice；2.社保和公积金按最高比例缴纳，入职即享有带薪年假5天，每工作一年增加1天；3.股权激励、商业保险、过节福利、生日礼金，享用不尽的零食和丰富的员工活动。【我们的发展史】上海掌数科技有限公司是一家面向大数据技术基础平台、金融大数据和AI应用、数据安全管理等领域的集软件研发、销售、技术服务和咨询于一体的金融科技企业。服务网络覆盖全国，与全国六十余家大型金融机构客户保持着良好的合作关系，在证券行业覆盖率达60%以上。典型客户有中信证券、海通证券、国泰君安证券、光大证券、东方证券、银河证券等。公司前身为福建新意科技有限公司（简称：新意科技）在2012年1月成立的数据中心产品部。2016年新意科技结合当前市场需求，积极扩展在“大数据（AI）+”和“数据安全”领域的发展，掌数科技由此成立。公司总部位于上海浦东张江高科技园区，在福州和厦门分设研发中心，在北京、上海、深圳、福州、厦门均配有工程实施及客服人员，提供全国范围内的产品推广及技术支持服务。公司已取得上海市软件企业和ISO9001质量管理体系认证，并成为中国大数据产业生态联盟会员单位。【我们的团队】公司现有员工队伍的85%以上为专业技术人员，其中拥有8年以上IT和金融行业经验的占比50%。拥有一支原厂(GreePlum和星环Hadoop）官方认证专家组成的大数据架构师团队和数名“OCM”大师级数据技术专家组成的专业化DBA团队。历经5年的技术沉淀与人才培养，掌数科技已经形成对ORACLE、GreePlum、Hadoop等主流数据技术平台的配套技术体系与人才梯队，在数据集市领域，具备咨询、设计到开发、实施的全套交付能力；在企业级数据仓库领域，具备优秀的方案实施能力。【我们的产品】在大数据领域，掌数科技逐步推出了以下产品或综合解决方案：1.金融数据分析平台软件（Z-FDAT）2.证券公司企业经营数据分析系统软件（财务/风控/运营/零售）3.证券公司经纪业务数据创新服务平台软件4.证券公司客户聚类分析和营销策略辅助决策支持解决方案5.金融行业（证券/基金/资管）企业级新一代数据平台建设咨询和实施解决方案。6.金融行业（证券/基金）企业级报表服务和BI分析自助平台解决方案。7.基于大数据和AI文本分析的互联网舆情和事件影响分析预警解决方案(A股市场上市企业交易风险预警和投资管控方向)。在数据安全等其他领域已推出或正在布局以下几类具有核心技术的产品：1.企业级数据灾备统一管理平台(E-OBAR）2.金融行业业务持续性保障(灾备应用级一体化切换)管理平台（Z-CAMP）3.信息系统辅助审计管理软件（Z-AUDIT）4.金融行业业务数据脱敏软件（Z-DataMask）【我们的合作伙伴】为加强在大数据领域的技术研发实力、解决方案设计能力和产品推广力度，掌数科技与Pivotal公司（旗下核心产品包括：GreePlum，CloudFoudry和强大的Java生态圈核心成员Sprig等）、星环科技（全球6大Hadoop发行厂商之一）、帆软报表（国内客户数排名第一的大数据BI和分析工具软件提供商）、HVR（数据实时集成产品欧洲市场占有率首位）等国内外知名厂商强强联合，打通了“大数据平台”技术生态链的上（数据可视化和AI训练）、中（数据处理和数据模型）、下（基础基础平台和数据集成）全部环节，实现了“直接交钥匙”能力，共同为金融行业在内的各行业客户提供安全、可靠、高效、丰富且具备行业领先能力的大数据综合解决方案。【加入我们】这里有积极、自主的工作氛围，有团结、包容的团队氛围，有充满挑战的技术氛围，加入我们，成为金融大数据的开拓者和建造者。"
字节跳动,Python开发实习生-短视频方向,4k-8k,上海,上海市黄浦区局门路436号8号桥二期6号楼,经验不限,本科及以上,"职位描述：职位职责：1、负责头条互娱-musical.ly服务器端研发工作，包括但不限于musical.ly、tiktok等产品的研发；2、深入发掘和分析业务需求，撰写技术方案和系统设计；3、根据产品需求，进行系统设计和编码；职位要求：1、本科以上学历，计算机或相关专业，良好的英文表达能力；2、熟练掌握Java,Pytho,Golag的一种.3、具备良好的编码习惯，结构清晰，命名规范，逻辑性强，代码冗余率低；4、数据结构和算法基础扎实,ACM程序设计比赛获奖者优先；5、熟悉MySQL等至少一种关系型数据库的原理和操作.有NoSQL数据库实操经验者优先；6、熟悉分布式系统原理，熟练掌握一种以上服务框架和消息中间件者优先；7、熟悉Iteret常用协议，如HTTP、TCP/IP8、有较强的学习能力，有强烈的求知欲、好奇心，能及时关注和学习业界最新技术；"
名片全能王,python后端实习生,4k-6k,上海,万荣路1268号云立方A座11、12层,经验应届毕业生,本科及以上,"职位描述：工作职责:1.负责公司web项目的pytho开发，数据库设计，和接口封装调用等2.熟悉web开发流程，根据产品和交互需求给出web技术解决方案3.有丰富的项目经验，能够根据项目的业务流程、可行性、风险等给出较为合理的时间评估4.持续优化现有web框架，针对公司产品的增长，可以不断提升后端的性能和效率。通过不断学习，将新技术和业务结合，提升产品价值和技术价值。任职资格:1.熟悉pytho，有良好的编程风格和习惯2.熟悉html、JavaScript等Web相关开发技术3.熟悉至少一种pythoweb框架（Djago,flask等），熟悉常用功能组件和第三方库。4.熟悉liux操作系统，并掌握基础命令5.根据产品需求、系统需求，能够独立设计项目框架6.工作热情，责任感强，擅长与其他部门同事沟通合加分项：1.熟悉其它后端语言，如Go和php2.独立编写web框架3.系统优化，网站高并发，分布式相关经验"
哈啰出行,【暑期实习生】算法工程师-机...,4k-6k,上海,秀文路898号西子国际中心,经验应届毕业生,本科及以上,职位描述：工作职责:1、负责机器学习、深度学习领域的技术研发工作，包括但不限于神经网络模型设计与优化、强化学习、迁移学习、主动学习、维度降低、核方法、谱方法、特征提取与稀疏学习、等级学习、推荐、随机优化等的算法和系统研发；2、负责机器学习尤其是深度学习前沿问题的探索与研究，结合未来实际应用场景，提供全面的技术解决方案。任职资格:1、2020届，本科以上学历，计算机视觉、机器学习、人工智能、数据挖掘、信息检索、自然语言处理、语音识别等领域的计算机科学、电子工程或其它人工智能相关专业毕业；2、有机器学习、深度学习、人工智能、计算机视觉等领域全球领先企业的工作经验者优先；3、精通至少一种编程语言，包括但不限于Java、go、C/C++、C#、Pytho等；4、有深度学习学术或工程项目经验者优先考虑。5、有数理分析以及数理统计基础；
英语流利说,算法实习生（暑期-有留用）,4k-6k,上海,长阳路1687号,经验应届毕业生,本科及以上,职位描述：职位描述：1.直接参与机器学习领域的前沿算法研究，应用于语言学习的各个领域，包括教学、评测、学习效率提升等。任职要求：1.计算机、软件工程等相关硕士以上学历；2.基础扎实，对新技术敏感，喜欢探索，有较强的创新意识与责任感；3.熟悉TesorFlow、Caffe、Torch、MXNet等深度学习框架；4.掌握C、C++、Java、Pytho等某一种编程语言；5.有强烈的学习激情；6.2020届全日制毕业生，19年6-9月期间，保证至少2个月的实习时长，每周5天。
百融云创,风控分析师,10k-20k,上海,商城路506号新梅联合广场写字楼二期35层,经验应届毕业生,本科及以上,职位描述：我们需要您：1.完成数据测试及匹配结果分析工作；2.使用建模工具进行信用模型及反欺诈模型开发，包括数据准备、建模及数据分析、模型的选取与优化、模型验证等工作；3.对海量业务数据进行分析，深度挖掘内部数据，构建用户征信的指标体系并具备开发及解释相应衍生变量、规则的能力；4.熟悉风控审批、额度、定价策略的制定方法及相应建模流程；5.针对不同金融机构和业务给出相应的风控建模方案，向客户进行阐释并参与实施；6.针对客户痛点进行业务引导并提供技术支持。我们需要您具备：1.统计、数学、计算机、金融工程等相关专业本科及以上学历，有较好数学或代码基础者优先；2.至少能熟练运用SAS、R、Pytho中的一种进行数据分析或建模；3.掌握逻辑回归、决策树、机器学习等算法，了解算法的原理；4.具备独立思考的能力，逻辑严谨，对数据敏感，善于发现、探索并解决问题；5.有较强的责任心及抗压能力；6.有建模大赛经验优先；7.同等条件下表达能力强者优先。
ADI,应用工程师实习生（上海）,5k-6k,上海,上海市浦东新区上海高科技园区祖冲之路2290号展想广场5楼,经验应届毕业生,硕士及以上,"职位描述：职位名称：ApplicatioEgieerIter工作地点：Shaghai职位描述：Jobdescriptio:lResearchaddesighighvoltage(1000V+)adprecisiosigalsourcebasedolatestADIprecisioproducts.lDevelopthesoftwareadGUItocotrolthesigalsource.lResposibleforIsolatiomodulatorperformaceadCMTItest.lDocumetthedesig,developmetprocessadqualificatioresult.lCreateHWtestspecificatio,performHWtestadcreatetestreports.Requiremet:lMSEEiEEorrelatedmajors.lExperieceiayofbelowisaplus.lBoardlevelschematicadPCBlayoutdesig.lUderstadbasicaalogcircuitdesigtheory.lUderstadICevaluatioadperformacespecificatiomeasuremettheoryadtechique.lVerilogadLabvieworPythoprogrammiglaguage.lSolidproblem-solvigadtrouble-shootigskills.lFamiliarwithcommoistrumetssuchasspectrumaalyzer,sigalsourceadoscilloscope.lSelf-motivatio,goodteamplayeradcommuicatioskills.lAtleast2mothsitership,thelogerthebetter."
华云数据,后端开发工程师（实习岗位）,4k-5k,上海,国通路118号中航天盛广场A栋,经验应届毕业生,本科及以上,职位描述：职位描述：1.本科及以上学历，软件、计算机等相关专业学生。2.熟悉操作系统、算法、设计模式、网络等基础知识。3.熟悉Golag/Java/Pytho一种语言。4.有自动化测试工具、平台和web开发经验者优先。5.优秀的沟通能力、主动学习能力和团队意识，强大的责任感有留用机会，一周提供至少3天的实习，持续时间4个月以上实习薪资：本科200元/天，硕士250元/天
快仓智能仓储,算法工程师( 调度/调优),12k-22k,上海,钦州北路1198号82幢12层,经验应届毕业生,本科及以上,职位描述：岗位职责：1.从事整数规划、机器学习、数据分析等算法的研究和工程化实现；2.对已有算法进行调优改进，提高算法的精度和性能；3.探索新算法解决应用中的新问题。岗位要求：1.计算机相关专业本科及以上学历，具备扎实的数学功底和算法功底；2.精通数据挖掘，机器学习，整数规划等的基本理论和常用算法，并从事过相关研发工作；3.掌握Java/Pytho或相关其它语言，扎实的编码和调试能力；熟练在Liux环境下工作；4.熟悉MySQL、SQLServer、Oracle等数据库一种或多种；5.扎实的独立分析问题、解决问题的能力，具备良好的需求理解能力、沟通协调能力和团队合作精神；具有高度的责任感和耐心细致的工作态度；能够承受较大工作压力。
DiningCity 鼎食聚,Ruby on Rails 实习工程师,1k-2k,上海,广元路135号,经验应届毕业生,本科及以上,"职位描述：Back-edsoftwareegieeriterRubyoRails实习工程师AtDiigCity,webuildsoftwarethatusersallacrossChiaadtheworldusetomakereservatios.Whetherthroughourappsorparterprograms,westrivetocreateproductsthathavebigimpact.鼎食聚的服务是面向中国以及全球提供高端餐饮预订服务，我们的使命是提供更好的用餐体验。不管是通过我们的APP、网站还是合作伙伴，我们都在努力地创造对用户具有重大影响和有价值的产品。Wearelookigforaback-edsoftwareegieertobepartofourjoureyadhelpustackleambitiouschalleges.我们寻找一名优秀的实习工程师，想通过实践提高能力，与我们国际化的团队一起迎接挑战。Resposibilities职责-WorkwithourdevelopmetteamtobuildewfeaturesforourAPIs;为网站开发新功能;-Learewframeworkstoimproveourback-ed’scodebaseadperformace;不断学习新的东西，优化代码;-ApplyyouracademickowledgetorealuserfacigproblemsthatwillhaveavisibleimpactoDiigCity’sproducts;将丰富的学识和经验用于解决用户真正面临的问题，使产品更加完善;-Buildreusablecodeadlibrariesforfutureuse;写出具有可读性、可重用性、可测试性的高质量代码;-WorkwithProducttoesurethetechicalfeasibilityoffeaturerequiremets与产品一起工作研究ui/用户体验设计的技术可行性;Whoyouare要求-Youareadetailorieted,self-motivated,stroglearerwhoiseagertobroadehisportfolioorrealworldapplicatios/projects;希望您是一个注重细节、自我激励、学习能力强、渴望拓宽眼界和有项目经验的人;-Youareabachelordegreeicomputersciece,electricalegieerigorsimilarmajorsschoolstudetorfreshgraduatelookigforafirstexperieceibuildigfeatures;计算机、电子信息技术或相关专业本科；在校学生或刚毕业的大学生，正在寻找实习机会;-YouhavestrogkowledgeofRuby,Pytho,Elixiretc;掌握RubyoRails或有Pytho和Elixir的web开发经验;-YoucaatleastreadadwriteiEglish,spokeEglishisaplus;要能读写英语（口语是加分项）;-YouhaveproficietuderstadigofversiocotroltoolssuchasGitadcashowaGitHubrepositorywithcorrespodigprojects;有完整项目经验或在github上有开源项目（加分项）;-Experiecedealigwithsomefrot-edlaguagesisaplus;同时熟悉前端开发（加分项）;-Chieseudergraduate中国籍在校大学生"
大搜车,测试实习生（上海）07-02-02,3k-5k,上海,协和路1033号文洋大厦B栋2楼,经验应届毕业生,本科及以上,职位描述：【岗位职责】1.负责所属产品线的基本TC设计与功能测试；2.反馈产品问题或流程问题积极推进问题解决；3.整理产品测试文档。【任职要求】1.2019届本科及以上学历，计算机或相关专业毕业；2.具备基础的Web知识和移动知识；3.熟悉软件的开发测试流程，掌握常用测试用例设计方法；4.具备编码能力者优先（java、pytho、shell）；5.乐于沟通和表达，注重团队合作，具备良好的抗压能力；7.能全职上班者优先。
Qtum,C/C++开发实习生,6k-9k,上海,愚园路,经验应届毕业生,本科及以上,职位描述：1.负责Qtum区块链产品的新特性开发，包括Qtum节点，钱包，浏览器，企业版服务等相关特性；2.探索区块链技术应用场景，加速应用落地；3.探索和实现区块链前沿技术，如闪电网络/跨链/隐私/虚拟机/共识机制等。职位要求：1.211/985计算机相关专业大学本科以上，研二或大三学生优先；2.具备扎实的编程功底，熟悉数据结构与算法，熟悉C/C++/Pytho/Go/Rust等至少一门主流编程语言；3.良好的英语阅读能力和快速学习能力；4.具备良好的沟通能力及团队协作能力；5.了解区块链原理或Solidity智能合约编写者优先。
lighten,后台开发实习生,4k-8k,上海,浦东嘉里城Wework,经验应届毕业生,本科及以上,职位描述：岗位职责：1.负责基于微服务架构的AI生产系统的后台设计与研发2.使用容器化部署技术对进行服务进行动态发布与管理3.与客户端及系统其它模块之间的通信接口的设计与实现，维护相关文档4.将服务端架构优化到极致，最大限度提供服务的性能和可访问性，降低服务运维成本职位要求：1.计算机相关专业本科或研究生在读，985/211优先，保证每周能够出勤3天及以上2.掌握至少一门服务端编程语言，Java/NodeJS/Pytho/Golag/C/C++等均可，NodeJS优先3.熟练使用Liux操作系统及常用命令，熟练使用MySQL/PostgreSQL4.熟悉容器化开发和部署，在实际项目中使用过docker/k8s进行开发和部署者优先4.能够独立完成服务端代码的编写、测试、部署与维护，认为代码是责任而不是资产5.有良好的沟通能力，能够与PM沟通需求，并与前端客户端等对接联调6.有良好的英文读写能力，能熟练使用Google搜索引擎查找阅读英文资料7、项目经验可以加分，有研发实习经历可酌情放宽学校要求；8、沟通顺畅，思路清晰，热爱学习，有团队意识。团队优势：团队年轻活力，有机会接触到最前沿的AI技术，并在实际落地的AI项目中发挥作用，创造用户体验一流的AI产品。有竞争力的薪酬，工作餐补助，工作环境优美：弹性工时，日常工作有吃不完的零食，与不定期的聚餐/郊游活动
直觉,软件开发实习生前端,4k-5k,上海,张江高科技园区香楠路408弄25号501,经验应届毕业生,本科及以上,"职位描述：职位要求：1.本科及以上学历，理工类专业，酷爱编程；2.有着自己开发过网站的经验的应聘者佳；3.熟练使用PHP/ASP.Net，对HTML、CSS、JavaScript有比较深刻的理解和运用能力；4.熟悉数据库系统(MySQL/SQLServer/Postgresql/Oracle中任意一种,或熟悉NoSQL/NewSQL)；5.熟悉Uix/Liux系统；具有相关开发经验者佳；6.能够使用Perl，Pytho，Shell等任一语言者佳；7.喜欢接触新技术并有学习兴趣和快速学习的能力；8.有较强的解决实际问题的能力及团队沟通合作能力。"
节付宝,h5工程师,5k-9k,上海,逸仙路2816号华滋奔腾大厦A栋15层,经验1-3年,大专及以上,职位描述：一、岗位职责：1、负责公司产品前端代码开发、页面重构以及交互设计逻辑处理；2、负责按照项目计划，在保证质量的前提下，按时完成开发任务；二、任职要求：1、大专以上学历，熟悉非前端的语言（如Java/PHP/C/C++/Pytho/Ruby）者优先；2、熟悉Javascript，熟练使用HTML、CSS、Ajax、JQuery等技术；3、掌握HTML5/CSS3和基于App内的Html5。4、计算机（应用、网络、科学技术）、软件工程、电子信息、机械、自动化等相关专业；三、就职待遇：1、享受国家规定的保险福利待遇（五险一金、带薪年假、补助等）；2、公司福利：周末双休、餐费补贴、节日福利；
大雁资产,软件工程师（实习）,6k-12k,上海,平安财富大厦,经验应届毕业生,本科及以上,"职位描述：岗位职责：在高级工程师指导下研究金融软件平台相关技术和实现方案任职要求：985、211等国内外名校理工科本硕在读熟悉Pytho,bash等脚本语言，能在Liux环境下熟练的使用脚本语言工作有C++编程经验者优先有数据库管理经验者优先做事踏实细心，认真自律，责任心强，乐于学习新的技术，有良好的团队合作精神薪资福利：公司已完成应届毕业生用人单位信息登记，欢迎应届毕业生加入！有竞争力的薪酬、多样化的福利制度，让员工无后顾之忧；实力超群的技术、投研团队为交易岗位提供策略与技术支持，为员工提供更坚实的平台；广阔的上升空间，鼓励员工挖掘潜力，发挥才智，获得丰厚回报；热情温暖的团队，人性化的管理，最大程度地包容员工的个性；高档的工作午餐、丰富的茶歇点心、舒适的办公空间，为员工提供更优质的工作环境。"
字节跳动,测试开发工程师-抖音方向（...,4k-8k,上海,上海市黄浦区局门路436号8号桥二期6号楼,经验不限,本科及以上,职位描述：职位职责：1、深度参与产品研发项目，协同产品和研发团队高质量交付产品；2、参与质量体系规划和建设；3、参与开发效率工具和保证技术项目质量；4、追踪并分析线上线下故障。职位要求：1、本科及以上学历，计算机相关专业；2、热爱计算机科学和互联网技术，对软件质量保障工作有浓厚兴趣；3、扎实的数据结构和算法基础；熟悉至少一门编程语言，包括但不仅限于：Java、OC、C、C++、Pytho、Go、PHP；4、优秀的产品意识，对市场上典型App有自己的想法和改进方案；5、快速适应和学习能力，善于发现和定位问题；6、了解常用客户端、服务端开发或测试工具，如自动化框架、压测工具、大数据处理工具者优先。
哈啰出行,【暑期实习生】站点时空策略...,4k-6k,上海,秀文路898号西子国际中心,经验应届毕业生,本科及以上,"职位描述：工作职责:1、通过数据分析及建模，给城市运营提出有价值的策略建议；2、基于时空分析、运营区优化、站点选址、优化、调度等项目，为城市运营提供策略指导，帮助业务完成指标；3、与城市沟通，帮助城市理解策略，基于数据反馈分析、改进策略；4、承担其他数据分析、数据处理等相关工作；5、按时保质地完成公司交办的各项工作任务，确保工作质量和进度达到目标要求；任职资格:1、熟练使用一种或几种分析统计及数据挖掘工具，如：SQL,pytho、R、GIS等2、能将各类业务需求转化为适合的模型，输出策略3、能熟练编写各类业务需求分析、数据分析文档，完整的覆盖分析、建模要求4、运筹学、数学、统计学、物理学、计算机等相关专业，2020届毕业；"
名片全能王,后端开发实习生,4k-6k,上海,万荣路1268号 市北高新云立方A座11楼,经验应届毕业生,本科及以上,职位描述：工作职责:1.主要负责服务器程序开发，app的后端业务逻辑开发;2.参与项目的需求分析，设计和编码;3.负责对现有平台架构和设计方案的维护和优化，全方位提高后端系统的稳定性和性能;任职资格:1.熟悉Liux常用命令以及shell脚本，熟练掌握至少一门编程语言，但不仅限于：C、C++、Pytho、Go2.计算机基础知识扎实，深入理解数据结构及算法，熟悉HTTP、TCP/IP协议及网络编程3.有开源项目、竞赛获奖、优秀课程设计作品者优先4.优秀的学习和逻辑分析能力，对技术创新有热情
上海博弋,C#软件开发实习生,2k-4k,上海,康健路139号6楼A座,经验不限,本科及以上,职位描述：职位信息描述1.企业管理软件开发、安全应用软件开发等；2.根据开发进度和任务分配，完成相应模块软件的设计、开发、编程任务。3.进行编制项目文档和质量记录的工作。职位任职要求1.计算机或相关专业本科及以上学历;2.责任心强，有良好的沟通能力以及团队协作精神;3.学习能力强，对新技术有较高的敏感性4.精通ASP.Net、C#、JavaScript、HTML5、XML及其它相关Web软件技术;5.精通数据库应用SQLSERVER等数据库概念;6.有大型企业门户网站、工作流开发工作经验者优先；7.熟悉pytho、.etCore等技术者优先;8.具有良好的编码习惯，代码编写整齐美观。9.一周至少达到3天及以上工作时间。
瞬联软件科技（北京）有限公司,19届校招（应届生）C/C++开发,8k-15k,上海,2号线淞虹路,经验应届毕业生,本科及以上,职位描述：【公司介绍】瞬联软件科技北京有限公司瞬联科技成立于2000年，是一家全球领先的IT服务供应商，提供技术咨询、软件研发及行业级整体技术解决方案。瞬联在移动、电信、嵌入式、IoT、汽车、移动互联网及企业软件方案等领域拥有超过19年的深厚研发经验，通过其优质的交付能力、灵活的合作模式和客户导向的理念赢得了许多世界500强企业客户。公司在大中华地区7个城市、美国、加拿大、欧洲的主要城市设有办公室和研发中心。目前瞬联已拥有超过2000名正式员工。近年来，瞬联9次被国际外包专业协会（IAOP）评为全球外包行业100强公司，同时也屡次得到Garter、IDG和中国外包网等国内外机构的奖项和荣誉。瞬联拥有ISO9001和27001认证以及CMMI3证书（含敏捷开发流程）。2019年瞬联软件科技上海分公司的春季校园招聘将面向2018及2019届的优秀毕业生。【招聘职位】1通信软件自动化测试；2通信软件C/C++开发；3通信软件Java开发；4通信软件Pytho开发；【薪资待遇】本科生：8K—13K硕士：8K—15K【招聘对象】2018及2019届的优秀毕业生学历要求：本科及以上学历；专业要求：计算机/软件工程/通信工程/电子信息工程/数学等相关专业优先。【招聘要求】1.扎实的软件测试基本功，扎实的C/C++/JAVA/Pytho基本功，了解Liux或Uix系统；了解TCP/IP网络协议；2.基本的英语听说读写能力；3.快速学习能力；4.有团队协作精神，沟通良好。【公司网址】http://www.cieet.com.c
ZStack,实习生,4k-6k,上海,东川路555号4号楼5楼,经验应届毕业生,本科及以上,"职位描述：关于我们：上海云轴信息科技有限公司(简称ZStack)成立于2015年，公司总部设立在上海，同时在硅谷和成都设有分支机构，2016年获得阿里云巨额战略投资，并推出以公共云为中心的混合云战略，未来更将向基于IaaS的企业软件仓库分发部署方式进化。作为产品型云计算产品，ZStack可以实现30分钟快速部署，而且是世界已知IaaS产品中，唯一提供一键无缝在线升级的产品，可帮助企业快速推进云计算的落地。在运维上，ZStack支持全UI/API交付、零手工配置，完全实现了部署、运维的产品化，极大的降低了对企业运维能力的要求，云计算的成本负担也大幅缩小。目前，ZStack已经在国内部署超过350家企业用户，管理着5000余物理服务器，在饿了么、大智慧等企业客户中都有成功应用实践。ZStack拥有一群追求卓越和价值的伙伴。ZStack虽然没有乔布斯和比尔盖茨，但有一群名震江湖、来自硅谷、英特尔、微软、思科和阿里巴巴等优秀公司的核心专家级高手,他们也当之无愧是国内虚拟化的开山鼻祖“黄金一代”。ZStack崇尚多元企业文化，既有欧美优秀企业开放宽松的氛围，同时兼具世界级科技创新企业自由、创新的理念，在这里我们一起追求理想，简单做事，快乐成长。如果你对云计算这个行业感兴趣，也和我们一样拥有美好的职业理想，那我们诚邀您加入我们的团队.测试&文档实习岗岗位要求：985/211院校本科/硕士，通信、计算机、软件工程等相关专业；熟悉虚拟化、云计算、计算机网络、操作系统基本原理；熟悉Liux操作系统，熟练使用Shell、Pytho、Mysql，具备代码设计与开发能力；良好的沟通能力及团队合作意识，快速的学习能力和技术钻研能力；具备较强的问题分析能力。我们还有-弹性工作制-水果、饮料、零食无限量-硅谷般的工作环境、开放式办公，再牛的大佬都可以是你的同桌-名震江湖的各路高手不定期开坛授法-入职即享受欧美企业同等级的年假！-各种户外游玩、聚餐等活动-谦逊、优秀的小伙伴-全国美食任选且低成本的餐厅-名校环抱、分分钟可以重温校园生活和美好往昔还有任何疑问吗？欢迎把你的简历甩过来，我们聊聊看吧！"
学而思网校,OCR算法工程师,4k-5k,上海,云南南路118号,经验应届毕业生,本科及以上,职位描述：岗位职责：1、负责机器学习/深度学习算法在教育领域的数据处理、模型效果调优和算法应用；2、工作内容包括但不限于：图像筛选和标注、文本检测、文本识别、图像分类、图像处理等；3、参与相关新技术和发展方向的跟踪研究；岗位要求：1、图像处理相关专业研究生在读，踏实认真，有较强的学习能力；2、较强的算法实现能力，熟练使用Pytho/Java，TesorFlow等深度学习框架；3、善于学习，具备优秀的提出问题，分析和解决问题的能力；4、每周工作不少于4天，连续实习时间不少于六个月，表现优异者可以转为正式员工；5、有OCR相关实践经验者优先，有较强的研究能力者优先（例如在国际顶尖会议或期刊上发表过论文）
360,研发实习生,3k-5k,上海,东大名路501号上海白玉兰广场6楼,经验应届毕业生,硕士及以上,"职位描述：职位描述：1、最新最前沿检索技术调研，设计，开发；2、结合深度学习模型，提升现有检索效果；3、高并发,可扩展分布式研发。职位要求：1、了解深度学习；2、具有一定数学功底；3、对数据结构和算法设计具有较深刻的理解；4、熟悉C/C++,pytho；5、善于学习和运用新知识，具有良好的分析和解决问题能力；6、具有良好的团队合作精神和积极主动的沟通意识。具有以下条件者优先：热爱互联网行业；具有深度学习，模型调优相关经验。"
数旦信息,金融工程实习生,5k-6k,上海,钦州路100号2号楼208室,经验应届毕业生,本科及以上,职位描述：【岗位职责】1、股票、期货、宏观产业经济、基金产品等金融数据进行整理、清洗和基础分析工作2、采用金融工程领域/机器学习领域的常用方法，对数据进行建模3、独立完成相应的编码，测试工作【任职要求】1、具有本科或以上学历，金融工程、数学、物理、统计等专业；2、熟悉Matlab/Pytho/R等数学统计分析软件，精通其中语言的一种；3、掌握机器学习、深度学习、神经网络、智能优化算法优先；4、具备较强的独立工作能力、学习能力和抗压能力；5、具有较强的信息搜集能力、逻辑思维能力；6、为人正直诚信，有高度的责任心和主动性，有良好的职业操守，有敏锐的判断力、独立的逻辑分析能力，具有良好的团队合作精神。7、想改变自己或改变世界的技术狂优先；
艾大,SAS系统工程师,8k-16k,上海,zhon,经验应届毕业生,硕士及以上,"职位描述：工作描述：主要负责SAS软件的安装配置、应用开发；以及和周边对接的Java开发工作。要求：1.计算机相关专业，本科以上学历；2.英语口语流利优先；3.熟练掌握一种编程语言，Java或者Pytho优先；4.熟悉Liux操作系统及Shell/Perl脚本，对计算机系统、网络和安全、存储、中间件、HA等有全面的认识，有性能优化经验者优先；5.熟悉SOA架构，WebSphereMQ,ActiveMQ等JMS技术；6.熟悉Hadoop/Spark的系统架构设计；理解大数据处理技术（流计算、分布式计算、分布式存储等）及实现方法，有大规模分布式系统经验者优先；7.能够快速学习新技术，跟踪技术发展趋势；8.具备良好的表达和沟通能力，善于解决问题，能够承受较大的工作压力；"
谷露软件,NLP文本标注实习生,2k-4k,上海,上海市延安东路618号13A,经验应届毕业生,本科及以上,职位描述：岗位要求：1、具有优秀的自驱力和学习能力，认真仔细且有责任感；2、对文字敏感，逻辑条理清晰；3、每周至少保证3天工作时间。工作职责：1、利用Doccao完成简历文本NER及分块的序列标注工作；2、学习并使用pytho、正则表达式等协助完成数据的清洗、入库。工资待遇：1、200元/天，资优可商2、免费提供午餐、晚餐部门介绍：AI部门主要负责完成文本解析、搜索推荐、对话机器人等项目的研发工作。该部门是一支平均年龄25岁，几乎完全由复旦、交大本硕毕业生组成的团队，年轻且富有生命力。成员间关系融洽，学习氛围浓郁，随时关心并共享NLP前沿成果。
收钱吧,Java开发工程师（实习）,3k-5k,上海,中江路879弄天地软件园4号楼2楼,经验应届毕业生,本科及以上,"职位描述：工作内容：1.开发线上线下通用的交易后台系统。2.保证系统的数据可靠性与服务可用性。3.提高系统可扩展性以适应用户增长。4.提高系统灵活性以适应线下多样的业务模式。5.提高系统开放性以接入第三方开发者。职位基本要求：1.有服务器程序开发经验。2.有基本的网络知识。3.有基本的数据库知识。4.熟悉Java；或熟悉使用其他后端语言并愿意学习Java。5.熟悉Liux；或愿意学习Liux基本使用方法和工具。单项加分项：1.熟悉MogoDB,Redis,MySQL等数据库。2.熟悉NodeJS。综合加分项：1.善于总结和分享，有稳定更新的博客2.有高分的stackoverflow账号3.使用git管理代码4.有github账号，至少有一个自己创建的项目5.熟悉其他开发语言：pytho、odejs、swift、golag等的任何一种6.有DevOps经验或愿意尝试。7.熟练阅读英文文档"
虹软科技,深度学习算法实习生,4k-6k,上海,延安中路841号，东方海外大厦18F,经验应届毕业生,硕士及以上,职位描述：岗位要求:1、硕博在读，图像处理、机器学习、模式识别等相关专业；2、熟悉C/C++，pytho，熟悉至少一种深度学习框架（pytorch/mxet/tesorflow/caffe/caffe2）；3、熟悉CNN/RNN/LSTM的优先；4、有物体检测、识别、分割等相关项目经验者优先；5、工作认真负责，学习能力较强，有熟练的英文文献资料阅读能力，能快速重现论文中的算法；6、有良好的团队协作能力，能够独立思考，善于创新，针对问题提出有效解决方案。至少可实习3个月，每周可实习3个工作日
堆糖,Java开发工程师实习2020届,3k-4k,上海,北京东路668号,经验应届毕业生,本科及以上,职位描述：职责描述：1.在Metor指导下，准时、高质量完成需求开发，或bug修复；2.参与重构和优化现有代码；3.参与网站基础服务和应用的设计和开发。任职要求：1.2020届计算机专业或者对互联网开发有强烈兴趣；2.熟悉数据结构和算法，有扎实编码能力；3.熟悉Java，有Web开发相关经验优先；4.热爱开源，熟悉开源技术，对技术有强烈爱好；5.很强的学习能力，对新事物有好奇心和热情；6.责任感和服务意识，给别人带来快乐。加分项：熟悉Pytho。欢迎大三同学或能长期实习者优先
电视猫MoreTV,测试实习生,2k-4k,上海,盛夏路666号上投盛银大厦E栋2楼,经验应届毕业生,本科及以上,职位描述：岗位职责：1、熟悉互联网APP产品，了解产品功能及业务；2、参与需求评审、用例设计等环节；3、按指导进行用例执行发现问题的追踪处理；4、完成导师交付的其他任务；任职资格：1、本科及以上，计算机科学与技术或相关专业；2、沟通表达能力较好，具备良好的学习能力和质疑习惯，主观能动性高，具有较强的问题细节捕捉、分析和解决能力；3、了解C/C++、Java、VBS、Pytho、Shell等其中一门语言，优先考虑；4、了解数据库，熟悉常用SQL语句的编写，优先考虑
字节跳动,多媒体开发实习生,8k-10k,上海,田林路130号20号楼氪空间,经验不限,本科及以上,职位描述：职位职责：1、参与实时通信流媒体服务器的开发2、参与转码、录制、合流等个性化流媒体方案的开发3、参与流媒体质量评价体系的建设职位要求：1、熟练掌握算法、数据结构等基础知识2、至少熟练使用一门编程语言(C/C++/Java/Pytho/Go/PHP等)3、了解图像、视频压缩、处理算法4、熟悉音视频频、流媒体常见的传输协议、封装格式优先5、每周可实习3天以上，可实习3个月以上
哈啰出行,【暑期实习生】数据算法工程...,4k-6k,上海,秀文路898号西子国际中心,经验应届毕业生,本科及以上,职位描述：工作职责:1.协助项目的需求调研，了解业务逻辑，进行数据分析从而把需要解决的业务问题转化为机器学习/数据挖掘问题2.协助从数据获取、数据清理、统计分析和数据建模（机器学习模型）整个流程工作3.使用先进的机器学习技术，协助制定设计方案，根据设计的方案部署实施整个机器学习系统，解决客户的核心问题4.配合机器学习模型的构建，并且与工程师合作对模型进行维护、部署和评估；任职资格:1.技术数据挖掘或算法实现类的技术开发经验；2.专业：计算机、通信、应用数学、金融数学、模式识别、人工智能；技术领域：机器学习，数据挖掘；3.熟悉常用机器学习和数据挖掘算法，包括但不限于决策树、Kmeas、SVM、线性回归、逻辑回归以及神经网络等算法；4.熟练使用SQL、Matlab、Pytho/LiuxShell等脚本开发等；5.对Hadoop、Spark、Storm等大规模数据存储与运算平台有实践经验；6.熟悉TesorFlow、Keras等一种或者多种深度学习框架，有实际应用经验；7.C/C++/PYTHON/JAVA至少精通一种编程语言；8.数学基础要好，如高数，统计学，数据结构。
名片全能王,运维开发实习生,5k-6k,上海,万荣路1268号 市北高新云立方A座11楼,经验应届毕业生,本科及以上,职位描述：工作职责:1、参与自动化运维系统建设，包括常见组件的运维效率提升、流程优化等2、参与开发和维护内部工具和管理平台，保障其稳定、可靠、高效运行3、参与数据交付项目的开发和维护任职资格:1、本科及以上学历，计算机相关专业。2、熟练使用Shell，掌握至少一种编程语言，有Pytho编程能力者优先。3、熟悉Liux下基本的命令行工具，熟悉Liux系统的使用和管理。4、熟悉网络基础、TCP/IP、HTTP等协议，熟悉操作系统原理。5、熟悉Djago/Flask等其中一种Web框架。良好的编码风格。6、了解Ngix，MySQL，DNS，FTP等常用服务的安装和维护。
Qtum,区块链开发实习生,5k-10k,上海,愚园路,经验应届毕业生,本科及以上,职位描述：1.负责Qtum区块链产品的新特性开发，包括Qtum节点，钱包，浏览器，企业版服务等相关特性；2.探索区块链技术应用场景，加速应用落地；3.探索和实现区块链前沿技术，如闪电网络/跨链/隐私/虚拟机/共识机制等。职位要求：1.211/985计算机相关专业大学本科以上，研二或大三学生优先；2.具备扎实的编程功底，熟悉数据结构与算法，熟悉C/C++/Pytho/Go/Rust等至少一门主流编程语言；3.良好的英语阅读能力和快速学习能力；4.具备良好的沟通能力及团队协作能力；5.了解区块链原理或Solidity智能合约编写者优先。
艾大,Java工程师（实习）,4k-8k,上海,"张江
<br>或者长宁中山公园",经验应届毕业生,本科及以上,"职位描述：1.计算机相关专业，大四或者研二实习生；2.有Java实习或开发经验优先；3.掌握一种编程语言，Java或者Pytho优先；4.Oracle等数据库系统，有DBA工作经验者优先；5.了解Liux操作系统及Shell/Perl脚本，对计算机系统、网络和安全、存储、中间件、HA等有一定的认识，有性能优化经验者优先；6.了解SOA架构，WebSphereMQ,ActiveMQ等JMS技术；7.了解Hadoop/Spark的系统架构设计；理解大数据处理技术（流计算、分布式计算、分布式存储等）及实现方法，有大规模分布式系统经验者优先；8.能够快速学习新技术，跟踪技术发展趋势；9.具备良好的表达和沟通能力，善于解决问题，能够承受较大的工作压力10.实习期要求半年以上，并且能长期留在上海优先。11.该实习岗位考虑留用，短期实习勿扰"
直觉,软件开发实习生后端,4k-5k,上海,张江高科技园区香楠路408弄25号501,经验应届毕业生,本科及以上,职位描述：职位要求：1.本科及以上学历，理工类专业，酷爱编程；2.熟练掌握C/C++、Java或Pytho语言中的一种，掌握常用算法；3.熟悉Uix/Liux系统，有相关开发经验者佳；4.喜欢接触新技术并有学习兴趣和快速学习的能力；5.有较强的解决实际问题的能力和团队沟通合作能力；
瞬联软件科技（北京）有限公司,软件测试（通信）,8k-15k,上海,宁桥路388号,经验应届毕业生,本科及以上,"职位描述：GeeralDescriptio:ThepositioistoperformsystemtestforOTNproduct,toaalyzeproductrequiremet,todesigtestscearioadtestcase,toexecutetestcaseaddeliverhighqualityproduct.Thepositioisalsoeededtodevelopautomatiotestscriptstoicreasetestcapability,coverage,scopeadefficiecy.2Resposibilities:Aalyze,desigadexecutetestcasesforOTNproductsDevelopaddeployautomatiotestscriptotheproductaddebugtheproblems3Qualificatios:BachelororhigherdegreeiTelecommuicatioorequivaletAtleast2-yeartelecom-relatedexperiece.Programmigskillsiatleastoeofthefollowiglaguages:TCL,Pytho,Perl,PHP,Java,C,C++KowaboutHTML,XML,JavaScriptisaplus.KowaboutUNIX/LiuxExperieceofautomatiotestforOTN/WDM/SDH/SONET/L2orL3Dataproductsisabigplus.TestexperieceoOTN/WDM,SDH/SONETorDateproductsExperieceotestistrumet(JDSU,IXIA,etc.).Havestrogproblem-solvigability,beabletofidsolutiostotechicalproblemsGoodwritteadverbalcommuicatioskills(ibothEglishadChiese)"
大搜车,Java实习生（上海）07-02-04,3k-5k,上海,协和路1033号文洋大厦B栋2楼,经验应届毕业生,学历不限,职位描述：【岗位职责】1.负责所属产品线的基本TC设计与功能测试；2.反馈产品问题或流程问题积极推进问题解决；3.整理产品测试文档。【任职要求】1.2019届本科及以上学历，计算机或相关专业毕业；2.具备基础的Web知识和移动知识；3.熟悉软件的开发测试流程，掌握常用测试用例设计方法；4.具备编码能力者优先（java、pytho、shell）；5.乐于沟通和表达，注重团队合作，具备良好的抗压能力；7.能全职上班者优先。
平安科技,大数据算法研究/工程实习生JD,6k-7k,上海,崂山路316号,经验应届毕业生,硕士及以上,职位描述：职责描述（5选2）：1、协助追踪推荐算法、知识图谱、NLP等前沿技术和Paper，定期Summary。2、协助探索集成模型(W&D、DeepFM、gcForest等）在综合金融风控和营销场景的落地。3、协助基于PySpark、Tesorflow、Yar、ToY的数据挖掘工具&算法池的研发。4、协助NLP技术（文本意图识别、文本分类、词向量生成）落地在信息安全领域。5、协助构建综金产品画像和知识图谱，并探索在渠道、客户、产品冷启动问题的价值变现。职位要求：1、985/211院校计算机、数统相关理工专业硕士，有个人githubrepo者优先考虑。2、至少熟练掌握1种主流大数据框架(Hive/Hadoop/Spark、Tesorflow、ToY等)；3、优秀的工程化编程能力与算法研究能力，熟练掌握Pytho，熟悉liux、git等常规工具。4、清晰&准确的自我编程能力认知薪酬待遇及时间要求：研究生一天300(税后)，实习地点在上海世纪大道地铁站附近。
ADI,软件实习生（北京/上海）,5k-6k,上海,上海市浦东新区上海高科技园区祖冲之路2290号展想广场5楼,经验应届毕业生,硕士及以上,"职位描述：职位名称：PCSoftwareIter工作地点：Beijig/Shaghai职位描述：JobDescriptio：lWorkwithAalogDevices’ApplicatiosEgieersosoftwaredebug,developmet,adcharacterizatiooftheidustrysesorproduct.lDebugorimprovethePCbasedsoftwareGUItoevaluateproductperformaceadfuctioality,performcircuitsimulatio,adaalyzedata.lUderstadsystemrequiremetadimplemetfuctiowithschedule.lTesttargetsoftwareforfuctioadlogtimereliability.RequiredadPreferredSkills：lStroglypreferred:Basicuderstadigofhardwareadrelatedfirmwarearchitecture.lRequired:ExperieceiPythoadVisualStudioC++/C#.lRequired:Experiecewithsoftwaretestadverificatio.lRequired:Basickowledgeomathematicmodeligkowledge.lRequired:Previoushads-oexperieceiaegieeriglabeviromet.lRequired:Thecadidatemustbeself-startigwithastrogmotivatio.lPreferred:Strogself-studycapacityadadapttoewapplicatio.lPreferred:Goodatdatabaseadetworkapplicatiodevelopmet.lPreferred:Goodcommuicatioskill.lEducatioLevel:BachelororMasterdegreelTravelRequired:NolLocatioRequired:BeijigorShaghai"
唯衣科技,深度学习算法工程师实习生,2k-4k,上海,上海市宜山路2000号利丰广场利程坊,经验应届毕业生,学历不限,职位描述：实习预期收获：•首席科学家和资深算法工程师带队，参与人工智能产品的算法研发全过程。•通过实际项目实践，学习知识、增长能力、倍增自己的身价、未来有广阔的发展机会。•从入门到精通，具备深度学习算法实战能力，实现从小白到独当一面能手的快速成长。工作内容：•服从公司的发展要求，配合公司的工作安排；•负责公司服装时尚相关深度学习算法的开发；•参与公司所用算法的优化和升级，以及算法效能测试，产品集成；•可以用业余时间参与算法研发，不影响学业任职要求：•年满18岁，本科以上学历，专业不限；•对人工智能技术有浓厚的兴趣，并有打算从事深度学习算法研发的意向；•吃苦耐劳，有一定的自我约束和控制能力，意志力坚强；•逻辑能力较强，有较强的抗压力和高度的责任感；•欢迎深度学习算法零基础的同学，公司会安排必要的技术培训。具备以下条件者优先：•计算机、数学、图像处理、模式识别等相关专业，具有扎实的线性代数、概率论、统计学等数学知识。•具有计算机视觉领域项目研究经历，熟悉opecv等图像处理工具，熟悉常用的图像处理方法。•精通至少一种深度学习框架，如caffe、tesorflow等，对深度学习网络模型训练有深刻的理解，熟悉常用CNN、FCN、RNN等深度学习网络模型。•具备扎实的机器学习算法基础，熟练应用SVM、决策树、随机森林等常用的机器学习算法并理解其原理。•代码能力较强，精通pytho语言，英语水平良好，能够熟练阅读深度学习相关英文论文文献。
微问家,实习算法工程师-自然语言处...,12k-20k,上海,上海市申江路5005弄星创科技广场3楼302,经验应届毕业生,硕士及以上,职位描述：职位描述：实习岗位，招在读硕士、博士。岗位职责：1、设计与优化智能问答系统；2、优化商业搜索引擎中的语义理解。岗位要求：1、自然语言处理方向2年以上研究或工作经验，如分词、词性标注、实体识别、情感分析；2、熟悉机器学习算法，熟悉文本语义分析算法；熟悉中文分词标注、文本分类、语言模型、知识库挖掘等NLP相关算法；3、精通Java或者Pytho，4、有良好的沟通和团队合作能力；5、有NLP方向开发经验；从事过实际爬虫开发、内容提取工作经验者优先；
韩创科技,图像算法实习生,10k-20k,上海,碧波路690号1号楼2座102,经验应届毕业生,本科及以上,职位描述：职位描述：工作内容：主攻图像方面的算法分析、设计和实现。包括但不限于：目标识别、图像分割等领域。岗位职责：1.图像处理、模式识别、计算机视觉、机器学习等相关专业，硕士及以上学历；2.熟练使用C++和Pytho，熟练opecv等主流图像处理库3.在深度学习、计算机视觉方向深入研究，掌握至少一种深度学习框架；4.深入理解目标检测识别、图像分割等算法；
寻找母星,数据分析BI实习生,2k-4k,上海,田林路418号乐业天地203室,经验应届毕业生,本科及以上,职位描述：职位职责：1.协助构建业务指标体系，建立和完善日常业务报告体系，能够及时、准确、完整的披露项目的运作情况；2.通过专项分析，输出专项分析报告，为业务模块的决策和产品方向提供数据支持；3.能够持续动态的挖掘日常的业务数据，发现业务的风险和机会点。基本要求：1.本科就读于985大学，本科或以上学历，计算机、软件或电子相关专业；2.精通SQL，熟悉Pytho/PHP等脚本语言，能独立完成相关的数据分析工作3.具备良好的沟通交流能力和文字语言表达能力，较好的逻辑分析能力加分项：和产品、运营一同有过产品周期运营，并协助产品、运营分析和改进产品功能者优先
云鹊医疗,数据分析实习,3k-4k,上海,兰花路333号世纪大厦,经验应届毕业生,学历不限,职位描述：1.协助公司平台/产品中数据预处理、可视化、统计建模等分析内容的设计和实现，协同数据分析师、数据开发人员等设计完善公司平台/产品的逻辑、架构与功能；2.支撑项目需求，协助项目过程中数据梳理、数据预处理、统计建模、可视化等一系列分析内容的设计、实现与汇报。认知要求：1.本科三年级及以上，统计、数学、信息管理、计算机等相关专业优先；2.具备一定的数据基础（SQL、R、Pytho、SPSS等），有相关项目经验者优先；3.逻辑清晰，思维缜密；
字节跳动,后端开发实习生-大数据平台,6k-10k,上海,裕德路126号氪空间,经验不限,本科及以上,职位描述：职位职责：1、负责今日头条大数据平台web后端开发；2、负责数据产品的功能迭代和性能优化，考验api实现；3、开放的环境，metor带你度过磨合期；4、有转正的机会。职位要求：1、计算机、软件相关专业；2、熟练掌握Pytho/c/c++中的一种或多种，Pytho优先；3、对web开发和http协议有一定了解，有基本的web应用开发能力，熟悉gix等webserver搭建，熟悉Djago，Flask者优先；4、熟练掌握数据库相关知识和基础操作，至少熟练使用mysql；5、有强烈的求知欲和进取心，具有扎实的编程功底，良好的设计能力和编程习惯。加分项：1、熟悉web前端技术，对html、javascript、ajax、jquery有了解者优先2、有Github账号并有项目；3、能够长期实习并有转正意向的优先。
哈啰出行,【暑期实习生】运维技术支持(...,3k-6k,上海,秀文路898号西子国际中心,经验应届毕业生,本科及以上,职位描述：工作职责:1.负责办公内网相关的维护与支持；2.负责服务器及业务系统的运维支持；3.负责其它团队对技术支持的需求响应并处理；任职资格:1.2020届，计算机相关专业者优先；2.学习能力强，工作主动，踏实认真；3..熟悉网络，liux系统，会pytho者优先；
ADI,嵌入式软件实习生（上海）,5k-6k,上海,上海市浦东新区上海高科技园区祖冲之路2290号展想广场5楼,经验应届毕业生,硕士及以上,职位描述：职位名称：嵌入式软件实习生工作地点：上海岗位描述：l使用C在ARM或者DSP上开发底层或接口驱动，完成基本任务调度。l使用matlab，pytho在不同平台上实现数据分析。岗位要求：l计算机/控制/电子/通信类相关专业。l具备扎实的嵌入式软件开发调试优化经验，熟悉嵌入式处理器接口驱动，有项目实践经验者优先。l熟悉ROS，有项目实践经验者优先。l表现优秀者有留用机会。
数旦信息,算法实习生,5k-6k,上海,钦州路100号,经验应届毕业生,本科及以上,职位描述：【岗位职责】1、负责业务相关的算法设计、开发、性能优化和单元测试2、负责算法相关的数据处理3、负责算法相关文档编写【任职要求】1、全日制本科及以上学历，计算机、数学或相关专业2、熟悉机器学习基本算法（分类、聚类、神经网络等）3、熟悉Pytho，编程功底扎实4、具备扎实的数学理论基础5、具备极强的编程能力、学习能力和抗压能力6、国家级技术类竞赛（如数学建模、ACM）一等奖获奖者优先7、可连续实习半年以上
平安健康保险,运维工程师（实习）,3k-4k,上海,凯滨路199号,经验应届毕业生,本科及以上,职位描述：1、负责海量服务器的交付、日常监控以性能调优；2、解决各类疑难技术问题、故障处理；3、系统重要规则制订、资源规划；4、系统的效率优化、维护；5、前沿技术研究、新产品规划。岗位要求：1、扎实的计算机相关专业学识基础；2、熟悉PL/SQL、Oracle数据库、liux/Uix、weblogic优先；3、了解J2EE或Liux系统维护者优先；4、对dorker技术、云计算、pytho等一定了解者优先；5、有出色的责任心、主动性，善于沟通、与他人合作;6、较好学习及人际沟通能力，乐观、灵活、机智的处事方式
上海博弋,Java开发实习生,2k-4k,上海,康健路139号A座6楼,经验应届毕业生,本科及以上,职位描述：职位信息描述1.从事各类数据（日志文件、网络流量抓包等）的解析和处理2.对解析的数据进行分类、统计、数据分析、建立模型进行数据挖掘3.具体内容视能力而定。职位任职要求1.掌握JAVA开发基础，掌握基本的数据结构和算法；熟悉多线程、同步/异步、网络协议解析；熟练使用正则表达式；2.熟悉git，具有良好的文档记录习惯；3.较强的沟通和语言表达能力，能精确表达自己的思想和意图，并达到预期沟通效果；4.有责任心，学习能力强，对新技术有较高的敏感性；加分项目；5.对ruby/pytho/go有一定了解；6.熟悉grok/jedis/etty；7.对各类日志（系统日志、应用日志、数据库日志）有一定了解；8.对各类网络协议及其解析有一定了解，熟悉smp协议；9.对有数据分析感兴趣，有一定经验；10.了解Hadoop/Spark；11.概率论与数理统计等数学基础课程成绩优秀；12.一周至少达到3天及以上工作时间。
PINTEC,商业分析实习生,4k-6k,上海,商城路新梅联合广场,经验应届毕业生,硕士及以上,职位描述：【岗位概述】品钛集团“实习生计划”，属集团技术创新计划，拟选拔和培养优质的数据、风险管理、业务策略、金融产品人才。岗位职责：1、辅助进行业务分析，为产品运营决策、策略提供数据支持；2、辅助构建能反应服务特征的整体指标体系，并基于业务监控指标体系，及时发现与定位业务问题；3、与相关团队协作为业务提供数据挖掘、模型及算法等相关服务，推动业务部门的数据化运营；4、对业务方进行数据技术与产品相关的理念、技能、工具的培训。应聘要求：1、金融工程、数学、统计、经济金融等相关专业，大三或研二以上在校生；2、具备一定的统计、数据分析及建模能力（包括但不限于多元统计分析、决策树、逻辑回归、机器学习等）并掌握SAS、R、Pytho、Matlab、SPSS等计量分析工具；3、较强的沟通协调及项目推动能力4、工作地点：北京/上海该岗位为毕业留任职位，请确认是否能够参加面试且毕业前实习3-6个月，并请投递简历时简历名称标明：毕业时间-意向城市-专业-入职时间-实习周期，感谢。【企业介绍】品钛（PINTEC）是一家中国领先的金融科技整体解决方案提供商，我们为金融机构和商业机构提供高效的智能零售金融解决方案。品钛旗下拥有基于大数据、人工智能和区块链技术的“读秒”智能信贷引擎和“璇玑”智能投顾引擎，旗下品牌包括虹点基金和麦芬保险。客户涵盖小米、去哪儿、携程、唯品会、中国电信翼支付、新网银行、江西银行、哈尔滨银行、贵州银行、兴业消费金融、民生证券等众多商业机构和金融机构。品钛还与大华银行和富卫集团分别在新加坡成立合资公司AVATEC和PIVOT，向东南亚地区提供智能信贷和智能财富管理技术。品钛曾入选2016德勤中国高科技高成长50强，2016毕马威全球金融科技100强，2017毕马威中国领先金融科技50强等榜单。2018年10月，品钛在美国纳斯达克证券交易所挂牌上市。公司官网：http://www.pitec.com/
麦图科技,初级数据分析师（实习岗）,4k-8k,上海,天山路1900号7楼710室 天杉德必易园,经验应届毕业生,本科及以上,"职位描述：职位要求：1.统计学、数学、计算机科学、数量经济或相关专业全日制本科及以上学历，有较强的数学功底和数据挖掘功底2.经验不限，应往届毕业生均可，前期有资深分析师带3.具备数据分析、统计建模能力，熟悉Pytho/R等工具和数据挖掘的常用算法4.了解数据库的使用，了解SQLServer/ORACLE/MYSQL/等主流数据库；能撰写SQL脚本提取所需数据5.良好的数据敏感度,能从海量数据提炼核心结果6.能接受中长期出差学校或者导师同意，一周至少保持三天的工作时间实习期间表现良好者，毕业后可签定正式劳动合同"
楷青,数据分析实习,2k-3k,上海,中春路6111号702室 慧峰商务大厦,经验应届毕业生,学历不限,"职位描述：会按照需求，从互联网获取相应数据会获取，下载，整理数据理解客户的痛点来反馈需求职位要求熟练的Pytho技术，能独立完成对网页的编码分析，并通过patho来下载数据，并很好的组织好数据，保存数据.会Padas处理数据。熟练掌握SQL，数据库的构建熟练使用Excel、PPT数据敏感度高，逻辑分析能力强，良好的沟通能力加分项学习并会使用tesorflow,sklear等会使用分布式计算"
亿动广告传媒(Madhouse),产品实习生,2k-4k,上海,云锦路600号航汇大厦A区12楼,经验应届毕业生,本科及以上,"职位描述：岗位职责：1.负责运营海外社交媒体账户；2.分析使用海外游戏类APP,每天编写使用日志；3.配合产品经理进行相关功能推进文档编写；4.海外创意素材类产品调研。岗位要求：1.英语CET4-6，擅长PPT的制作；2.逻辑清晰，能把自己完成的工作流程清晰的书面汇报；3.执行力强，性格开朗，富有想象力；4.全日制在校本科及以上学历；5.数理统计/市场营销/广告传播/计算机相关专业优先；6.懂pytho语言,会操作Ubutu系统者优先。"
东吴在线,web开发实习生,3k-4k,上海,陆家嘴世纪金融广场1号楼9层,经验应届毕业生,本科及以上,职位描述：岗位职责：1.参与公司策略交易系统的前端开发与用户界面和交互的设计工作；2.金融投资分析的前端及设计。任职要求：1.全日制统招本科以上学历，计算机相关专业，2020年后毕业；2.拥有良好的设计能力和审美，有美术功底，了解交互设计；3.熟练掌握HTML，CSS，js基本开发知识，独立开发过web前端项目；4.掌握一门js开发框架，如agular、reach、vuejs皆可；5.了解前端工程化工具如webpack等；6.了解pytho优先。
竹间智能科技(上海)有限公司,机器学习实习生,4k-8k,上海,宜山路700号,经验应届毕业生,硕士及以上,"职位描述：岗位职责：1.研发并落地基于深度学习/强化学习/统计学习的自然语言理解（NLU）和对话机器人（Chatbot）/虚拟助手（VirtualAssistat）等核心AI技术，包括:文本挖掘，问答系统，上下文理解，知识图谱，意图理解，情绪识别与应对，任务达成以及开放域对话；2.跟踪学术/工业届的最新方法并负责算法实现，实验，场景落地和分析/改进；3.将基础能力提供给开放平台，提供业内领先的人工智能与机器学习服务。任职要求：1.硕士及以上学历，计算机相关专业，每周至少工作3天以上；2.熟悉pytho，熟悉iux指令/git，悉pytorch/tesorflow/keras任一种，能快速研读paper；3.有NLU/NLP，Chatbot,QA系统，知识图谱，个人助理，IoT等开发经验者优先。实习待遇：硕士300元/天，博士400元/天。"
客锐市场信息,咨询项目助理（数据分析方向）,2k-3k,上海,北京西路1701号 静安中华大厦2207室,经验应届毕业生,学历不限,"职位描述：工作内容：1.运用Excel(以Vlookup函数和数据透视表为主)进行相关商业数据的分析和校验2.与项目支持团队沟通进行数据分析的需求，为运营决策进行数据支持3.制作并给客户提供准确的可视化的数据分析报告和有效的发展意见4.完成总监交代的其他任务工作要求：1.本科及以上学历，会计，统计学，数学，计算机等相关专业，有数据分析经历，热爱数据分析者将优先考虑2.需熟练掌握Excel,熟练使用Pytho进行数据分析及挖掘工作者将优先考虑3.需通过大学英语四级考试、雅思考试6分以上或相应的英语考核资质4.能配合独立作业与团队交叉合作,高抗压，逻辑思维优秀，注重细节且有问题解决的工作能力5.具有高度敬业精神与团队合作精神，责任心强6.需尽快入职"
QuestMobile,数据分析实习生,3k-5k,上海,愚园东路20号东海广场3号,经验应届毕业生,本科及以上,职位描述：工作描述：1、协助数定制项目研究框架梳理，与各部门沟通，协助推进项目落地及执行2、负责所属领域业务发展分析及判断，协助研究框架模型并加以创新3、负责信息搜集整理及图表报告制作4、协助产品规划与竞品调研，实现产品商业化探索职位要求：1、本科大三/四及研究生在读学生，计算机、统计学、社会学、管理或相关专业2、熟练使用SPSS/R/pytho等相关工具2、热爱研究分析，对数字敏感，逻辑好，注重细节3、了解互联网行业，了解研究领域各类应用及体验4、具有一定的定性/定量研究方法及经验，扎实的报告撰写经验；理解基本的数据采集与处理原理5、有咨询公司实习经验或互联网产品、运营实习经历优先考虑工作时间：每周至少可在岗3天
上海益攸网络科技有限公司,数据挖掘-实习生,3k-4k,上海,中江路106号北岸·长风i座1601室,经验应届毕业生,学历不限,职位描述：岗位职责：1、利用互联网网络技术，实施信息采集工具基础部署以及运行状态运维。2、在指导下参与网络采集工具(信息爬虫)开发，处理相关网络数据报文分析与调试。3、研究大数据存储工具的正常使用及相关数据存储原理，协助解决数据存储层面的维护和基础调优。任职要求：1、了解常见机器学习和深度学习算法原理并善于思考。2、具有较强的pytho或者C/C语言编程经验。3、对人工智能大数据方向有兴趣，乐于钻研学习、抗压能力强、勇于挑战。
字节跳动,后端开发实习生,8k-10k,上海,田林路130号20号楼氪空间,经验不限,本科及以上,职位描述：职位职责：1、参与头条直播/实时通信项目研发；2、项目设计流媒体服务器、直播后端服务等研发。职位要求：1、学历本科及以上，计算机、通信等相关专业2、熟练掌握算法、数据结构等基础知识3、至少熟练使用一门编程语言(C/C++/Java/Pytho/Go/PHP等)4、积极乐观，责任心强，工作认真细致，具有良好的团队沟通与协作能力5、热爱编程，有较强的学习能力，有强烈的求知欲、好奇心和进取心，能及时关注和学习业界最新技术6、每周可实习3天以上，可实习3个月以上。
哈啰出行,【暑期实习生】测试开发实习...,2k-4k,上海,秀文路898号西子国际中心,经验应届毕业生,本科及以上,职位描述：工作职责:1、负责公司产品或项目的测试工作；2、参与业务需求、项目计划及设计文档的评审；3、根据项目按时完成测试，提交测试中发现的Bug，并跟踪其至生命周期结束；4、提出对产品的进一步改进的建议，并评估改进方案是否合理；5、协助开发人员定位Bug并配合其修复。任职资格:1、2020届，在读全日制计算机相关专业本科或者研究生2、实习期需要至少半年以上3、熟悉或了解Pytho/Java/C至少一门语言4、了解基本的操作系统和网络通信知识5、做事耐心负责，抗压能力强6、学习能力强，对新技术抱有好奇心7、至少参与过一个实际的软件项目研发
东吴在线,金融工程实习生,3k-4k,上海,陆家嘴世纪金融广场1号楼9层,经验应届毕业生,本科及以上,"职位描述：职位描述：1、参与投资研究平台开发和测试，参与部分研究框架开发，参与部分量化研究；2、其他相关研究工作及研究报告生产。任职要求：1、对金融市场、金融工程研究有基本了解，有志从事投资研究工作，对股票投资有浓厚的兴趣；2、擅长pytho,能够使用padasumpyscipy等科学计算框架，拥有良好的编程功底；3、重点院校硕士，理工科专业优先，2020或2021年毕业，连续实习3个月以上，每周可实习3天以上；4、能够承受较大压力，有工作热情。"
上海益攸网络科技有限公司,大数据实习生,3k-5k,上海,中江路106号北岸·长风i座1601室,经验应届毕业生,学历不限,职位描述：岗位职责：1、参与机器学习和深度学习对语音数据建模分析，解决实际问题。2、算法设计和实现，与团队合作搭建模型并优化性能。3、协助提取有用数据，进行资料收集分析，撰写调研报告、产品分析报告等。任职要求：1、了解常见机器学习和深度学习算法原理并善于思考。2、具有较强数学逻辑思维能力。3、具备一定的pytho或者C/C语言编程经验。3、对人工智能大数据方向有兴趣，乐于钻研学习、抗压能力强、勇于挑战。
辰沅金融,算法交易研究员实习生,2k-4k,上海,杨高南路428号由由世纪广场2号楼,经验不限,本科及以上,职位描述：职位描述：1.收集、分析和处理各种数据，主要协助策略研究员从事量化策略的研发工作，短周期趋势和做市策略；2.对投资逻辑进行模型化，形成投资策略模型；3.对市场及交易数据进行处理、建模与分析；4.参与量化策略的研发，主要负责数据处理、策略历史回测、策略跟踪评价、策略改进、策略报告撰写等；5.参与公司的专项研究课题，完成公司布置的各项工作。职位要求：1.国内外知名院校本科学历以上，理工科专业（数学，物理，化学，计算机等）；2.具备一定的pytho或c/c++编程能力；3.具备数学/统计建模或机器学习经验者优先；4.认真细致，执行力强；5.沟通和协调能力及团队协作精神；6.实习表现突出有留用机会。
字节跳动,后台开发实习生-视频架构,8k-10k,上海,田林路130号20号楼氪空间,经验不限,本科及以上,职位描述：职位职责：1、参与视频架构相关服务研发，为公司提供稳定可靠的视频基础服务；2、实习项目包括是视频云平台、视频处理微服务、视频存储中间件、函数计算组件等；职位要求：1、学历本科及以上，计算机、通信等相关专业2、熟练掌握算法、数据结构等基础知识3、至少熟练使用一门编程语言(C/C++/Java/Pytho/Go/PHP等)4、积极乐观，责任心强，工作认真细致，具有良好的团队沟通与协作能力5、热爱编程，有较强的学习能力，有强烈的求知欲、好奇心和进取心，能及时关注和学习业界最新技术6、每周可实习3天以上，可实习3个月以上。
字节跳动,后端开发实习生-抖音（可转正）,4k-8k,上海,上海市黄浦区局门路436号8号桥二期6号楼,经验1年以下,本科及以上,"职位描述：职位职责：1、负责头条互娱服务器端研发工作，包括抖音、TikTok产品的研发；2、深入发掘和分析业务需求，撰写技术方案和系统设计；3、根据产品需求，进行系统设计和编码。职位要求：1、本科以上学历，计算机或相关专业，良好的英文表达能力；2、熟练掌握Java,Pytho,Golag的一种；3、具备良好的编码习惯，结构清晰，命名规范，逻辑性强，代码冗余率低；4、数据结构和算法基础扎实,ACM程序设计比赛获奖者优先；5、熟悉MySQL等至少一种关系型数据库的原理和操作，有NoSQL数据库实操经验者优先；6、熟悉分布式系统原理，熟练掌握一种以上服务框架和消息中间件者优先；7、熟悉Iteret常用协议，如HTTP、TCP/IP；8、有较强的学习能力，有强烈的求知欲、好奇心，能及时关注和学习业界最新技术；注：20届及以后毕业实习满3个月有转正机会。"
字节跳动,后端开发实习生（Java/Golan...,4k-8k,上海,上海市黄浦区局门路436号8号桥二期6号楼,经验不限,本科及以上,"职位描述：职位职责：1、负责头条互娱-musical.ly服务器端研发工作，包括但不限于musical.ly、tiktok等产品的研发；2、深入发掘和分析业务需求，撰写技术方案和系统设计；3、根据产品需求，进行系统设计和编码；职位要求：1、本科以上学历，计算机或相关专业，良好的英文表达能力；2、熟练掌握Java,Pytho,Golag的一种.3、具备良好的编码习惯，结构清晰，命名规范，逻辑性强，代码冗余率低；4、数据结构和算法基础扎实,ACM程序设计比赛获奖者优先；5、熟悉MySQL等至少一种关系型数据库的原理和操作.有NoSQL数据库实操经验者优先；6、熟悉分布式系统原理，熟练掌握一种以上服务框架和消息中间件者优先；7、熟悉Iteret常用协议，如HTTP、TCP/IP8、有较强的学习能力，有强烈的求知欲、好奇心，能及时关注和学习业界最新技术；"
字节跳动,服务端开发实习生(java/pyt...,4k-8k,上海,上海市黄浦区局门路436号8号桥二期6号楼,经验不限,本科及以上,"职位描述：职位职责：1、负责头条互娱-musical.ly服务器端研发工作，包括但不限于musical.ly、tiktok等产品的研发；2、深入发掘和分析业务需求，撰写技术方案和系统设计；3、根据产品需求，进行系统设计和编码；职位要求：1、本科以上学历，计算机或相关专业，良好的英文表达能力；2、熟练掌握Java,Pytho,Golag的一种.3、具备良好的编码习惯，结构清晰，命名规范，逻辑性强，代码冗余率低；4、数据结构和算法基础扎实,ACM程序设计比赛获奖者优先；5、熟悉MySQL等至少一种关系型数据库的原理和操作.有NoSQL数据库实操经验者优先；6、熟悉分布式系统原理，熟练掌握一种以上服务框架和消息中间件者优先；7、熟悉Iteret常用协议，如HTTP、TCP/IP8、有较强的学习能力，有强烈的求知欲、好奇心，能及时关注和学习业界最新技术；"
字节跳动,前端开发实习生-大数据平台,6k-10k,上海,裕德路126号氪空间,经验不限,本科及以上,"职位描述：职位职责：1、负责今日头条大数据平台的产品前端开发；2、拥抱前沿技术，尝试最新前端技术；3、开放的环境，metor带你度过磨合期；4、有转正留用的机会。职位要求：1、计算机、软件相关专业；2、熟悉HTML,CSS,JavaScript和HTTP协议基本知识；3、熟悉常用的数据结构以及其使用场景；4、有参与设计和实现的项目（无论大小）；5、了解浏览器调试工具；6、有强烈的求知欲和进取心，具有扎实的编程功底，良好的编程习惯。加分项：1、有过数据可视化相关经验；2、了解JavaScript依赖管理；3、了解Webpack,React,SASS,ES6基本原理以及它们解决的问题；4、了解过不限于Node.js,Pytho,Ruby的任意一门脚本语言；5、有Github账号并有项目。"
字节跳动,Java开发实习生-短视频方向,4k-8k,上海,上海市黄浦区局门路436号8号桥二期6号楼,经验不限,本科及以上,"职位描述：职位职责：1、负责头条互娱-musical.ly服务器端研发工作，包括但不限于musical.ly、tiktok等产品的研发；2、深入发掘和分析业务需求，撰写技术方案和系统设计；3、根据产品需求，进行系统设计和编码；职位要求：1、本科以上学历，计算机或相关专业，良好的英文表达能力；2、熟练掌握Java,Pytho,Golag的一种.3、具备良好的编码习惯，结构清晰，命名规范，逻辑性强，代码冗余率低；4、数据结构和算法基础扎实,ACM程序设计比赛获奖者优先；5、熟悉MySQL等至少一种关系型数据库的原理和操作.有NoSQL数据库实操经验者优先；6、熟悉分布式系统原理，熟练掌握一种以上服务框架和消息中间件者优先；7、熟悉Iteret常用协议，如HTTP、TCP/IP8、有较强的学习能力，有强烈的求知欲、好奇心，能及时关注和学习业界最新技术；"
字节跳动,机器学习算法实习生(可转正）,5k-8k,上海,田林路130号20号楼氪空间,经验应届毕业生,本科及以上,职位描述：职位职责：1、利用机器学习技术，改进头条的推荐、广告系统，优化数亿用户的阅读体验；2、分析基础数据，挖掘用户兴趣、文章价值，增强推荐、广告系统的预测能力；3、分析用户商业意图，挖掘流量潜在商业价值，提升流量变现；4、研究计算机视觉算法，给用户提供更多更酷炫的功能；5、研发机器翻译与对话技术，促进跨语言内容理解与交流。职位要求：1、本科及以上学历，计算机、机器学习和模式识别相关专业；2、热爱计算机科学和互联网技术，对人工智能类产品有浓厚兴趣；3、具备强悍的编码能力，熟悉liux开发环境，熟悉C++和Pytho语言优先；4、有扎实的数据结构和算法功底，熟悉机器学习、自然语言处理、数据挖掘、分布式计算、计算机视觉、计算机图形、语音识别与合成中一项或多项；5、对推荐系统、计算广告、搜索引擎、对话问答、图像和视频分析处理相关技术有经验者优先；6、优秀的分析问题和解决问题的能力，对解决具有挑战性问题充满激情。
字节跳动,前端开发实习生-AI-Lab,4k-8k,上海,宜山路1999号科技绿洲三期24号楼,经验不限,本科及以上,职位描述：职位职责：1、主要负责浏览器插件、官网等工具和页面的开发；2、使用html/html5+css/css3+javascript开发符合W3C标准的前端页面；3、配合后台工程师，完成各种前后端交互；4、设计开发高效可复用的基础组件，积累并完善前端web开发框架；5、持续的优化前端体验和页面响应速度，优化代码并保持良好兼容性，提升web界面的友好和易用；6、积极探索并积累前端开发模式和规范。职位要求：1、2020年及以后毕业的本科、硕士在校生，计算机相关专业优先；2、一周实习3天及以上，至少3个月；3、擅长Web前端开发，熟练掌握主流Web前端技术，例如：HTML5/CSS3/Ajax/JavaScript等；4、掌握至少一门服务端编程语言，并有实战经验，熟悉NodeJS/Pytho/Go者优先；5、至少熟练掌握一个前端MVVM框架，有vue或者react框架实际开发经验；6、对技术充满好奇心，乐于学习，愿意分享，具备责任心，团队沟通和协作能力、发现并解决问题的能力，追求极致；7、有前端模块化、自动化开发经验者优先；有自己的网站作品或技术博客者优先。
字节跳动,广告投放算法开发实习生（可...,4k-8k,上海,裕德路126号氪空间,经验应届毕业生,本科及以上,职位描述：职位职责：1、头条广告团队是公司核心团队，负责商业变现，为公司年度收入目标而奋斗；2、设计与实现高可用的广告投放系统，承载高并发、低延迟的广告投放需求；3、实现与优化针对不同广告位置的投放策略，不断提高流量变现效率；4、优化广告召回、排序、竞价、流量优选等核心策略；5、基于广告的海量投放数据，完善用户/广告维度的投放监控系统，提供投放分析和优化工具。职位要求：1、计算机相关专业，硕士生优先；2、具有较好的算法基础，熟悉Liux平台上的pytho/golag/C++/java语言编程；3、掌握分布式系统原理，熟悉计算机和网络原理，熟悉操作系统原理者优先；4、抽象问题能力强，处理紧急事务思路清晰，5、有大规模系统测试开发经验者优先，熟悉计算广告，或者有相关测试开发经验者优先。
字节跳动,商业产品实习生-创意方向,3k-4k,上海,田林路130号20号楼氪空间,经验不限,本科及以上,职位描述：职位职责：1、核心目标：深入理解程序化创意生产过程，挖掘客户需求提供产品方案，从而提高流量变现效率；2、竞品调研：定期观察短视频营销创意产品的竞品动态，抓取功能亮点，评估优先级和可行性；3、AI落地：调研客户需求，将领先的AI技术，应用在短视频创作过程，提升不同行业的创意产能；4、产品推进：产品方案评审、设计、策略实验等功能落地，并协调推动相关的业务团队高质量执行；5、需求迭代：日常和运营、销售同学密切配合，及时处理各种反馈，并从中发现有价值的共性问题；6、日常运营：商业化APP产品的发布、上架、公众号和用户反馈维护，通过创意活动促进推广拉新。职位要求：1、至少连续实习3个月，每周保证5天工作时间优先；2、统计学，应用数学，计算机相关专业本科（含）以上学历，研究生及以上学历优先；3、熟练掌握Excel及SQL，熟悉Pytho等分析工具，有数据分析及建模相关经验等优先；4、表达能力强，善于沟通，较好的逻辑分析能力，对数字敏感，很强的学习能力。
字节跳动,Golang开发实习生-短视频方向,4k-8k,上海,上海市黄浦区局门路436号8号桥二期6号楼,经验不限,本科及以上,"职位描述：职位职责：1、负责头条互娱-musical.ly服务器端研发工作，包括但不限于musical.ly、tiktok等产品的研发；2、深入发掘和分析业务需求，撰写技术方案和系统设计；3、根据产品需求，进行系统设计和编码；职位要求：1、本科以上学历，计算机或相关专业，良好的英文表达能力；2、熟练掌握Java,Pytho,Golag的一种.3、具备良好的编码习惯，结构清晰，命名规范，逻辑性强，代码冗余率低；4、数据结构和算法基础扎实,ACM程序设计比赛获奖者优先；5、熟悉MySQL等至少一种关系型数据库的原理和操作.有NoSQL数据库实操经验者优先；6、熟悉分布式系统原理，熟练掌握一种以上服务框架和消息中间件者优先；7、熟悉Iteret常用协议，如HTTP、TCP/IP8、有较强的学习能力，有强烈的求知欲、好奇心，能及时关注和学习业界最新技术；"
字节跳动,推荐算法实习生,4k-8k,上海,裕德路126号氪空间,经验不限,本科及以上,职位描述：职位职责：1、负责头条产品推荐算法相关工作，共同搭建业界领先的推荐系统；2、深入理解业务和机器学习技术，优化模型，推荐策略，持续提升推荐效果；3、深入理解用户行为，结合机器学习、数据挖掘等技术，优化用户创作、用户浏览等体验。职位要求：1、计算机相关专业，硕士生优先；2、具有较好的算法基础，熟悉Liux平台上的pytho/golag/C++/java语言编程；3、掌握分布式系统原理，熟悉计算机和网络原理，熟悉操作系统原理者优先；4、抽象问题能力强，处理紧急事务思路清晰。
字节跳动,测试实习生-抖音方向,2k-4k,上海,上海市黄浦区局门路436号8号桥二期6号楼,经验不限,本科及以上,职位描述：职位职责：1、负责抖音、tiktok等产品的测试工作；2、负责各项测试工作，包括iOS/Adriod端、服务端等；3、参与整体的项目流程，包括需求设计分析，制定测试方案，设计测试用例，测试执行，问题跟进，测试报告等；4、提交、分析、跟踪软件设计缺陷，评估项目风险，保障产品质量；5、与开发团队进行有效沟通，推动解决测试中发现的问题。职位要求：1、计算机及相关专业，本科及以上学历；2、熟练使用至少一门开发语言：如Java、Pytho、Go、Objective-C、Swift、Dart等；3、计算机基础知识扎实，包括操作系统、计算机网络、数据库等；4、对测试技术有强烈的兴趣和爱好，具有较强的学习能力；5、性格开朗，善于沟通，有团队意识，富有正能量；6、积极思考，发掘工作中的问题，并且能够提出合理的解决方案；7、工作积极主动、细致、有耐心、不浮躁、有强烈的责任感，对结果负责；8、熟悉Adroid/iOS开发，对其基本原理者有一定理解者优先；9、20届同学优先，有转正机会。
字节跳动,测试实习生-算法,6k-7k,上海,黄兴路2218号合生汇17楼,经验不限,本科及以上,职位描述：职位职责：1、对搜索推荐、深度学习、图像识别等AI相关算法模型进行测试；2、总结和分析测试结果，同时需要对算法和业务团队提出合理化建议和意见，以提高算法的质量；3、根据算法及应用场景，设计并准备测试数据集，编写测试代码、测试并跟进BUG；4、协助算法产品和业务团队全面推进算法产品在相关业务场景中的应用、落地实践和风险监控。职位要求：1、计算机、电子信息工程、自动化控制、数学、信息安全等相关专业背景，2020年硕士毕业；2、扎实的编程基础（熟练使用Java或者Pytho等），有良好的编码习惯及技术功底，有AI算法开发/测试经验者优先；3、拥有技术激情、创新意识、快速学习和协同落地能力，表达能力优秀，乐观向上，自我驱动力强，具备很强抗压能力，有自我反省意识；4、学习能力强，喜欢提问题，善于发现错，优秀的沟通协调和团队合作能力；5、实习期保证6个月以上，每周3天以上时间。
字节跳动,技术美术实习生（可转正）-抖音,5k-10k,上海,上海市黄浦区局门路436号8号桥二期6号楼,经验应届毕业生,本科及以上,职位描述：职位职责：1、负责美术光影效果、动态特效的设计，原型demo制作，资源和shader制作；2、互动玩法逻辑实现；3、负责美术设计规范标准化文档撰写及整理。职位要求：1、具备较好审美，具有良好团队协作精神、沟通能力；2、掌握Photoshop，有一定的图像处理理论知识；3、良好的编程思想和逻辑思维能力，至少掌握一种脚本语言，比如Lua，Pytho；4、每周实习4天及以上，实习期3个月以上。如果你有以下经验将更加合适：1、熟悉3D美术内容制作工具（3DMax、Maya、C4D、Substace、Houdii、ZBrush等）；2、掌握高级纹理材质和图像特效的Shader编写；3、有图形学、渲染引擎方面的理论和实践经验。
字节跳动,AI Lab实习生 - 计算机视觉,6k-10k,上海,田林路130号20号楼氪空间,经验不限,本科及以上,职位描述：职位职责：1、应用计算机视觉和人工智能技术解决与今日头条和抖音等核心业务相关实际问题；2、开放的科研环境，与世界顶尖科学家学习交流机会；3、最好的工作环境，丰富的计算和数据资源。职位要求：1、扎实的数学和算法基础：概率统计、数值优化算法；2、快速学习新技术的能力，能够在较短时间内理解前沿论文并评价；3、扎实的编程基础，熟悉c++/pytho等编程语言，具有快速复现前沿论文的能力;4、在机器学习、图像视频理解、视觉创作、3D、图形学等方面有经验者优先；5、熟悉caffe、tesorflow、mxet、pytorch、keras等中的一种或者一种以上；6、在顶级学术会议上发表论文者优先。
字节跳动,AI Lab实习生-语音/音乐,6k-10k,上海,田林路130号20号楼氪空间,经验不限,本科及以上,"职位描述：职位职责：1、在音频（包括语音，音乐，声音场景等）、机器学习、多模态融合等方向搭建核心技术并开展前沿研究；2、参与语音技术及产品相关的研发工作；3、跟踪国内外最新的语音相关先进技术；4、构建大规模机器学习基础架构以支撑高效率研发工作。职位要求：1、硕士在读及以上学历，熟悉经典数据结构和算法；2、具备强悍的编码能力，熟悉Liux开发环境，熟悉C++和Pytho语言优先；ACM/ICPC,NOI/IOI，Topcoder，Kaggle比赛获奖者优先；熟练使用kaldi或htk工具优先；3、在下列一项或多项研究领域内具有背景者优先：语音信号处理；语音识别与语音合成；音乐信息检索、音乐或歌唱合成；机器学习；自然语言处理。"
字节跳动,音频工程实习生,5k-10k,上海,宜山路1999号科技绿洲三期24号楼,经验不限,本科及以上,"职位描述：职位职责：1、开发并维护音视频会议系统的音频需求和功能；2、设计与开发音频自动化测试系统；3、确保音视频会议系统中的音频质量；4、参与对字节跳动音视频系统进行优化以提高稳定性，易用性和智能化。职位要求：1、全日制大学本科及以上学历，计算机或者电子相关专业；2、有扎实的音频信号处理基础；3、熟练使用C++,Pytho等编程语言；4、很强的分析问题和解决问题的能力。"
字节跳动,技术美术实习生,8k-10k,上海,上海市黄浦区局门路436号8号桥二期6号楼,经验1年以下,本科及以上,职位描述：职位职责：1、负责美术光影效果、动态特效的设计，原型demo制作，资源和shader制作；2、互动玩法逻辑实现；3、负责美术设计规范标准化文档撰写及整理。职位要求：1、具备较好审美，具有良好团队协作精神、沟通能力；2、熟练掌握Photoshop；3、掌握一种脚本语言，比如Lua，Pytho；4、3DMax/Maya为加分项；5、Shader编写为加分项。
字节跳动,技术美术实习生-上海,6k-8k,上海,八号桥创意园区,经验应届毕业生,本科及以上,职位描述：职位描述：1、负责美术光影效果、动态特效的设计，原型demo制作，资源和shader制作；2、互动玩法逻辑实现；3、负责美术设计规范标准化文档撰写及整理。职位要求：1、具备较好审美，具有良好团队协作精神、沟通能力；2、了解图形学，熟练掌握OpeGL，尤其是OpeGLES；3、熟练掌握C/C++，掌握一种脚本语言，比如Lua，Pytho；4、Shader编写为加分项；5、3DMax/Maya为加分项。6、每周出勤4天以上，连续工作6个月以上优先
字节跳动,基础架构研发实习生,4k-6k,上海,田林路130号20号楼氪空间,经验应届毕业生,本科及以上,职位描述：职位职责：1、参与头条架构组项目研发；2、项目设计云平台、存储、数据库、中间件等研发职位要求：1、计算机、通信等相关专业2、熟练掌握算法、数据结构等基础知识3、至少熟练使用一门编程语言(C/C++/Java/Pytho/Go/PHP等)4、积极乐观，责任心强，工作认真细致，具有良好的团队沟通与协作能力5、热爱编程，有较强的学习能力，有强烈的求知欲、好奇心和进取心，能及时关注和学习业界最新技术6、每周可实习3天以上，可实习2个月以上，上岗时间不限。
名片全能王,深度学习算法实习生,6k-8k,上海,万荣路1268号 市北高新云立方A座11楼,经验应届毕业生,本科及以上,职位描述：工作职责:该岗位主要负责用深度学习方法进行自然场景的文字检测和文字识别研究，以及相关算法的工程产品化。任职资格:1.计算机，统计，数学，物理，通信，自动化等相关专业硕士及以上，能力特别强可以放宽到本科。2.熟练掌握c++/pytho，基本熟悉shell脚本，能熟练在liux平台下做代码编译调试和开发。3.熟悉深度学习基础知识，熟悉如CNN/RNN等常规算子，熟悉SGD等优化方法，等等。4.熟悉深度学习框架Caffe/PyTorch/TesorFlow/MXNet中的一种，若有底层代码改动经验（例如自定义层/自定义算子）更佳。4.熟悉深度学习在图片分类，物体检测的常见框架思路，对近几年深度学习在图片分类，物体检测的发展有较深的理解。5.有分布式经验，有高性能计算经验（如CUDA编程）是加分项。6.有ComputerVisio顶级会议论文是加分项。7.深刻理解线性代数和概率论，深刻理解常见机器学习算法是加分项。8.有OCR项目经验，熟悉深度学习在OCR领域发展并有一定的个人理解是加分项。9.对机器学习，深度学习在CV的发展有浓烈的兴趣，面对挫败有积极的心态，勤奋好学。
名片全能王,大数据实习生,4k-6k,上海,万荣路1268号 市北高新云立方A座11楼,经验应届毕业生,本科及以上,职位描述：工作职责:1、负责Hadoop大数据平台各类数据业务抽象及模型化；2、负责数据仓库ETL设计、开发及自动化工作3、负责Spark的功能扩展和性能优化，使用海量数据解决并实现业务需求，4、设计或配合算法工程师实现算法，解决实体识别、情感分析等相关问题5、使用Hive、Spark进行数据处理，协助建立数据模型；任职资格:1、针对2020在校生本科熟悉SQL，精通Java、scala，Pytho其中至少一门语言，2、熟悉数据库/数据仓库设计3、熟悉Hive、Spark、kafka，Sqoop、hdfs，HBase4，熟悉liux开发环境，掌握shell编程5，参与过大数据项目的架构和设计的优先考虑6、有lp相关经验者优先考虑
